{
    "MCA": {
        "socket0": [],
        "socket1": []
    },
    "TOR": {
        "socket0": [],
        "socket1": []
    },
    "_total_time": "0.983s",
    "summary": {
        "socket0": [
            {
                "Errors_Per_Socket": "PCU_CR_MCA_ERR_SRC_LOG = N/A, FirstIERR = 0x0, FirstMCERR = 0x0"
            }
        ],
        "socket1": [
            {
                "Errors_Per_Socket": "PCU_CR_MCA_ERR_SRC_LOG = N/A, FirstIERR = 0x0, FirstMCERR = 0x0"
            }
        ]
    }
}
